{
  "project_info": {
    "project_number": "194337086487",
    "project_id": "habithive-2db36",
    "storage_bucket": "habithive-2db36.firebasestorage.app"
  },
  "client": [
    {
      "client_info": {
        "mobilesdk_app_id": "1:194337086487:android:396891ccc4ccb2d856d052",
        "android_client_info": {
          "package_name": "com.example.habithive"
        }
      },
      "oauth_client": [],
      "api_key": [
        {
          "current_key": "AIzaSyCmwDLIpsgVpsSCdu3VWUGFDoI4ogRXCSs"
        }
      ],
      "services": {
        "appinvite_service": {
          "other_platform_oauth_client": []
        }
      }
    }
  ],
  "configuration_version": "1"
}